<?xml version="1.0" encoding="UTF-8"?>
<sbml xmlns="http://www.sbml.org/sbml/level2" xmlns:html="http://www.w3.org/1999/xhtml" xmlns:jigcell="http://www.sbml.org/2001/ns/jigcell" xmlns:math="http://www.w3.org/1998/Math/MathML" xmlns:rdf="http://www.w3.org/1999/02/22-rdf-syntax-ns#" xmlns:sbml="http://www.sbml.org/sbml/level2" xmlns:xlink="http://www.w3.org/1999/xlink" level="2" version="1">
  <model name="Yeast-1">
<notes><p xmlns="http://www.w3.org/1999/xhtml"></p></notes>
    <listOfCompartments>
      <compartment id="cell" name="cell" size="1.0" />
    </listOfCompartments>
    <listOfSpecies>
      <species id="G1" name="G1" compartment="cell" />
      <species id="G2" name="G2" compartment="cell" />
      <species id="G3" name="G3" compartment="cell" />
      <species id="G4" name="G4" compartment="cell" />
      <species id="G5" name="G5" compartment="cell" />
      <species id="G6" name="G6" compartment="cell" />
      <species id="G7" name="G7" compartment="cell" />
      <species id="G8" name="G8" compartment="cell" />
      <species id="G9" name="G9" compartment="cell" />
      <species id="G10" name="G10" compartment="cell" />
      <species id="_void_" name="_void_" compartment="cell" initialAmount="0.0" boundaryCondition="true" constant="true" />
    </listOfSpecies>
    <listOfReactions>
      <reaction id="G1_synthesis" name="G1_synthesis: ~(1)" reversible="false">
        <listOfReactants>
          <speciesReference species="_void_" />
        </listOfReactants>
        <listOfProducts>
          <speciesReference species="G1" />
        </listOfProducts>
        <listOfModifiers>
          <modifierSpeciesReference species="G2" />
        </listOfModifiers>
        <kineticLaw>
          <listOfParameters>
            <parameter id="max" name="max" value="0.03615326417149371" />
            <parameter id="deltaProtein" name="deltaProtein" value="0.024142758119870298" />
            <parameter id="maxTranslation" name="maxTranslation" value="0.024142758119870298" />
            <parameter id="bindsAsComplex_1" name="bindsAsComplex_1" value="1.0" />
            <parameter id="numActivators_1" name="numActivators_1" value="1.0" />
            <parameter id="numDeactivators_1" name="numDeactivators_1" value="0.0" />
            <parameter id="a_0" name="a_0" value="1.0" />
            <parameter id="a_1" name="a_1" value="0.24629936142941633" />
            <parameter id="k_1" name="k_1" value="0.47941548159345987" />
            <parameter id="n_1" name="n_1" value="1.4991055731929888" />
          </listOfParameters>
        </kineticLaw>
      </reaction>
      <reaction id="G1_degradation" name="G1_degradation" reversible="false">
        <listOfReactants>
          <speciesReference species="G1" />
        </listOfReactants>
        <listOfProducts>
          <speciesReference species="_void_" />
        </listOfProducts>
        <kineticLaw>
          <listOfParameters>
            <parameter id="delta" name="delta" value="0.03615326417149371" />
          </listOfParameters>
        </kineticLaw>
      </reaction>
      <reaction id="G2_synthesis" name="G2_synthesis: ~(1)" reversible="false">
        <listOfReactants>
          <speciesReference species="_void_" />
        </listOfReactants>
        <listOfProducts>
          <speciesReference species="G2" />
        </listOfProducts>
        <listOfModifiers>
          <modifierSpeciesReference species="G3" />
        </listOfModifiers>
        <kineticLaw>
          <listOfParameters>
            <parameter id="max" name="max" value="0.019123949452116682" />
            <parameter id="deltaProtein" name="deltaProtein" value="0.021070460404988556" />
            <parameter id="maxTranslation" name="maxTranslation" value="0.021070460404988556" />
            <parameter id="bindsAsComplex_1" name="bindsAsComplex_1" value="1.0" />
            <parameter id="numActivators_1" name="numActivators_1" value="1.0" />
            <parameter id="numDeactivators_1" name="numDeactivators_1" value="0.0" />
            <parameter id="a_0" name="a_0" value="1.0" />
            <parameter id="a_1" name="a_1" value="0.15351699121605455" />
            <parameter id="k_1" name="k_1" value="0.07831033966271206" />
            <parameter id="n_1" name="n_1" value="2.2477614835424538" />
          </listOfParameters>
        </kineticLaw>
      </reaction>
      <reaction id="G2_degradation" name="G2_degradation" reversible="false">
        <listOfReactants>
          <speciesReference species="G2" />
        </listOfReactants>
        <listOfProducts>
          <speciesReference species="_void_" />
        </listOfProducts>
        <kineticLaw>
          <listOfParameters>
            <parameter id="delta" name="delta" value="0.019123949452116682" />
          </listOfParameters>
        </kineticLaw>
      </reaction>
      <reaction id="G3_synthesis" name="G3_synthesis: ~(1)" reversible="false">
        <listOfReactants>
          <speciesReference species="_void_" />
        </listOfReactants>
        <listOfProducts>
          <speciesReference species="G3" />
        </listOfProducts>
        <listOfModifiers>
          <modifierSpeciesReference species="G4" />
        </listOfModifiers>
        <kineticLaw>
          <listOfParameters>
            <parameter id="max" name="max" value="0.023125166557297884" />
            <parameter id="deltaProtein" name="deltaProtein" value="0.02470379068349167" />
            <parameter id="maxTranslation" name="maxTranslation" value="0.02470379068349167" />
            <parameter id="bindsAsComplex_1" name="bindsAsComplex_1" value="0.0" />
            <parameter id="numActivators_1" name="numActivators_1" value="1.0" />
            <parameter id="numDeactivators_1" name="numDeactivators_1" value="0.0" />
            <parameter id="a_0" name="a_0" value="1.0" />
            <parameter id="a_1" name="a_1" value="0.18810136529847277" />
            <parameter id="k_1" name="k_1" value="0.3717965247388929" />
            <parameter id="n_1" name="n_1" value="1.9233163425883681" />
          </listOfParameters>
        </kineticLaw>
      </reaction>
      <reaction id="G3_degradation" name="G3_degradation" reversible="false">
        <listOfReactants>
          <speciesReference species="G3" />
        </listOfReactants>
        <listOfProducts>
          <speciesReference species="_void_" />
        </listOfProducts>
        <kineticLaw>
          <listOfParameters>
            <parameter id="delta" name="delta" value="0.023125166557297884" />
          </listOfParameters>
        </kineticLaw>
      </reaction>
      <reaction id="G4_synthesis" name="G4_synthesis: (1)" reversible="false">
        <listOfReactants>
          <speciesReference species="_void_" />
        </listOfReactants>
        <listOfProducts>
          <speciesReference species="G4" />
        </listOfProducts>
        <listOfModifiers>
          <modifierSpeciesReference species="G5" />
        </listOfModifiers>
        <kineticLaw>
          <listOfParameters>
            <parameter id="max" name="max" value="0.03030379770382691" />
            <parameter id="deltaProtein" name="deltaProtein" value="0.019466219138495295" />
            <parameter id="maxTranslation" name="maxTranslation" value="0.019466219138495295" />
            <parameter id="bindsAsComplex_1" name="bindsAsComplex_1" value="0.0" />
            <parameter id="numActivators_1" name="numActivators_1" value="1.0" />
            <parameter id="numDeactivators_1" name="numDeactivators_1" value="0.0" />
            <parameter id="a_0" name="a_0" value="0.019289231062903908" />
            <parameter id="a_1" name="a_1" value="1.0" />
            <parameter id="k_1" name="k_1" value="0.61346320762299" />
            <parameter id="n_1" name="n_1" value="5.078105731559395" />
          </listOfParameters>
        </kineticLaw>
      </reaction>
      <reaction id="G4_degradation" name="G4_degradation" reversible="false">
        <listOfReactants>
          <speciesReference species="G4" />
        </listOfReactants>
        <listOfProducts>
          <speciesReference species="_void_" />
        </listOfProducts>
        <kineticLaw>
          <listOfParameters>
            <parameter id="delta" name="delta" value="0.03030379770382691" />
          </listOfParameters>
        </kineticLaw>
      </reaction>
      <reaction id="G5_synthesis" name="G5_synthesis: ~(1) + ~(2)" reversible="false">
        <listOfReactants>
          <speciesReference species="_void_" />
        </listOfReactants>
        <listOfProducts>
          <speciesReference species="G5" />
        </listOfProducts>
        <listOfModifiers>
          <modifierSpeciesReference species="G6" />
          <modifierSpeciesReference species="G7" />
        </listOfModifiers>
        <kineticLaw>
          <listOfParameters>
            <parameter id="max" name="max" value="0.030813366631495705" />
            <parameter id="deltaProtein" name="deltaProtein" value="0.030645606643419823" />
            <parameter id="maxTranslation" name="maxTranslation" value="0.030645606643419823" />
            <parameter id="bindsAsComplex_1" name="bindsAsComplex_1" value="1.0" />
            <parameter id="numActivators_1" name="numActivators_1" value="1.0" />
            <parameter id="numDeactivators_1" name="numDeactivators_1" value="0.0" />
            <parameter id="bindsAsComplex_2" name="bindsAsComplex_2" value="1.0" />
            <parameter id="numActivators_2" name="numActivators_2" value="1.0" />
            <parameter id="numDeactivators_2" name="numDeactivators_2" value="0.0" />
            <parameter id="a_0" name="a_0" value="1.0" />
            <parameter id="a_1" name="a_1" value="0.2855140650377719" />
            <parameter id="a_2" name="a_2" value="0.48345653290392276" />
            <parameter id="a_3" name="a_3" value="0.0" />
            <parameter id="k_1" name="k_1" value="0.7383789176424034" />
            <parameter id="k_2" name="k_2" value="0.3556272073718719" />
            <parameter id="n_1" name="n_1" value="2.350725150178123" />
            <parameter id="n_2" name="n_2" value="2.941638444608275" />
          </listOfParameters>
        </kineticLaw>
      </reaction>
      <reaction id="G5_degradation" name="G5_degradation" reversible="false">
        <listOfReactants>
          <speciesReference species="G5" />
        </listOfReactants>
        <listOfProducts>
          <speciesReference species="_void_" />
        </listOfProducts>
        <kineticLaw>
          <listOfParameters>
            <parameter id="delta" name="delta" value="0.030813366631495705" />
          </listOfParameters>
        </kineticLaw>
      </reaction>
      <reaction id="G6_synthesis" name="G6_synthesis: (1)" reversible="false">
        <listOfReactants>
          <speciesReference species="_void_" />
        </listOfReactants>
        <listOfProducts>
          <speciesReference species="G6" />
        </listOfProducts>
        <listOfModifiers>
          <modifierSpeciesReference species="G7" />
        </listOfModifiers>
        <kineticLaw>
          <listOfParameters>
            <parameter id="max" name="max" value="0.02204582666847561" />
            <parameter id="deltaProtein" name="deltaProtein" value="0.02468908293995904" />
            <parameter id="maxTranslation" name="maxTranslation" value="0.02468908293995904" />
            <parameter id="bindsAsComplex_1" name="bindsAsComplex_1" value="1.0" />
            <parameter id="numActivators_1" name="numActivators_1" value="1.0" />
            <parameter id="numDeactivators_1" name="numDeactivators_1" value="0.0" />
            <parameter id="a_0" name="a_0" value="2.611220655312268E-4" />
            <parameter id="a_1" name="a_1" value="1.0" />
            <parameter id="k_1" name="k_1" value="0.6913832123135216" />
            <parameter id="n_1" name="n_1" value="4.56056742289582" />
          </listOfParameters>
        </kineticLaw>
      </reaction>
      <reaction id="G6_degradation" name="G6_degradation" reversible="false">
        <listOfReactants>
          <speciesReference species="G6" />
        </listOfReactants>
        <listOfProducts>
          <speciesReference species="_void_" />
        </listOfProducts>
        <kineticLaw>
          <listOfParameters>
            <parameter id="delta" name="delta" value="0.02204582666847561" />
          </listOfParameters>
        </kineticLaw>
      </reaction>
      <reaction id="G7_synthesis" name="G7_synthesis: (1) + (2)" reversible="false">
        <listOfReactants>
          <speciesReference species="_void_" />
        </listOfReactants>
        <listOfProducts>
          <speciesReference species="G7" />
        </listOfProducts>
        <listOfModifiers>
          <modifierSpeciesReference species="G8" />
          <modifierSpeciesReference species="G1" />
        </listOfModifiers>
        <kineticLaw>
          <listOfParameters>
            <parameter id="max" name="max" value="0.027138000924247" />
            <parameter id="deltaProtein" name="deltaProtein" value="0.021587094221444" />
            <parameter id="maxTranslation" name="maxTranslation" value="0.021587094221444" />
            <parameter id="bindsAsComplex_1" name="bindsAsComplex_1" value="1.0" />
            <parameter id="numActivators_1" name="numActivators_1" value="1.0" />
            <parameter id="numDeactivators_1" name="numDeactivators_1" value="0.0" />
            <parameter id="bindsAsComplex_2" name="bindsAsComplex_2" value="1.0" />
            <parameter id="numActivators_2" name="numActivators_2" value="1.0" />
            <parameter id="numDeactivators_2" name="numDeactivators_2" value="0.0" />
            <parameter id="a_0" name="a_0" value="0.017389306154280776" />
            <parameter id="a_1" name="a_1" value="0.6344451346145967" />
            <parameter id="a_2" name="a_2" value="0.6433410915591589" />
            <parameter id="a_3" name="a_3" value="1.0" />
            <parameter id="k_1" name="k_1" value="0.4476210216176696" />
            <parameter id="k_2" name="k_2" value="0.7654388510831631" />
            <parameter id="n_1" name="n_1" value="1.6437062510414777" />
            <parameter id="n_2" name="n_2" value="1.2774392369276715" />
          </listOfParameters>
        </kineticLaw>
      </reaction>
      <reaction id="G7_degradation" name="G7_degradation" reversible="false">
        <listOfReactants>
          <speciesReference species="G7" />
        </listOfReactants>
        <listOfProducts>
          <speciesReference species="_void_" />
        </listOfProducts>
        <kineticLaw>
          <listOfParameters>
            <parameter id="delta" name="delta" value="0.027138000924247" />
          </listOfParameters>
        </kineticLaw>
      </reaction>
      <reaction id="G8_synthesis" name="G8_synthesis: (1*2*3)" reversible="false">
        <listOfReactants>
          <speciesReference species="_void_" />
        </listOfReactants>
        <listOfProducts>
          <speciesReference species="G8" />
        </listOfProducts>
        <listOfModifiers>
          <modifierSpeciesReference species="G3" />
          <modifierSpeciesReference species="G10" />
          <modifierSpeciesReference species="G9" />
        </listOfModifiers>
        <kineticLaw>
          <listOfParameters>
            <parameter id="max" name="max" value="0.022499253512004012" />
            <parameter id="deltaProtein" name="deltaProtein" value="0.03607057664983962" />
            <parameter id="maxTranslation" name="maxTranslation" value="0.03607057664983962" />
            <parameter id="bindsAsComplex_1" name="bindsAsComplex_1" value="0.0" />
            <parameter id="numActivators_1" name="numActivators_1" value="3.0" />
            <parameter id="numDeactivators_1" name="numDeactivators_1" value="0.0" />
            <parameter id="a_0" name="a_0" value="0.022239261494305437" />
            <parameter id="a_1" name="a_1" value="1.0" />
            <parameter id="k_1" name="k_1" value="0.42930701000615956" />
            <parameter id="k_2" name="k_2" value="0.04034261057851836" />
            <parameter id="k_3" name="k_3" value="0.6613222350226715" />
            <parameter id="n_1" name="n_1" value="2.9062254753745056" />
            <parameter id="n_2" name="n_2" value="2.7262896564001835" />
            <parameter id="n_3" name="n_3" value="2.836998596933637" />
          </listOfParameters>
        </kineticLaw>
      </reaction>
      <reaction id="G8_degradation" name="G8_degradation" reversible="false">
        <listOfReactants>
          <speciesReference species="G8" />
        </listOfReactants>
        <listOfProducts>
          <speciesReference species="_void_" />
        </listOfProducts>
        <kineticLaw>
          <listOfParameters>
            <parameter id="delta" name="delta" value="0.022499253512004012" />
          </listOfParameters>
        </kineticLaw>
      </reaction>
      <reaction id="G9_synthesis" name="G9_synthesis: (1)" reversible="false">
        <listOfReactants>
          <speciesReference species="_void_" />
        </listOfReactants>
        <listOfProducts>
          <speciesReference species="G9" />
        </listOfProducts>
        <listOfModifiers>
          <modifierSpeciesReference species="G10" />
        </listOfModifiers>
        <kineticLaw>
          <listOfParameters>
            <parameter id="max" name="max" value="0.019095011529516818" />
            <parameter id="deltaProtein" name="deltaProtein" value="0.02434500869803132" />
            <parameter id="maxTranslation" name="maxTranslation" value="0.02434500869803132" />
            <parameter id="bindsAsComplex_1" name="bindsAsComplex_1" value="0.0" />
            <parameter id="numActivators_1" name="numActivators_1" value="1.0" />
            <parameter id="numDeactivators_1" name="numDeactivators_1" value="0.0" />
            <parameter id="a_0" name="a_0" value="0.13412526287285642" />
            <parameter id="a_1" name="a_1" value="1.0" />
            <parameter id="k_1" name="k_1" value="0.6883854888495989" />
            <parameter id="n_1" name="n_1" value="3.479691133442948" />
          </listOfParameters>
        </kineticLaw>
      </reaction>
      <reaction id="G9_degradation" name="G9_degradation" reversible="false">
        <listOfReactants>
          <speciesReference species="G9" />
        </listOfReactants>
        <listOfProducts>
          <speciesReference species="_void_" />
        </listOfProducts>
        <kineticLaw>
          <listOfParameters>
            <parameter id="delta" name="delta" value="0.019095011529516818" />
          </listOfParameters>
        </kineticLaw>
      </reaction>
      <reaction id="G10_synthesis" name="G10_synthesis: no inputs" reversible="false">
        <listOfReactants>
          <speciesReference species="_void_" />
        </listOfReactants>
        <listOfProducts>
          <speciesReference species="G10" />
        </listOfProducts>
        <kineticLaw>
          <listOfParameters>
            <parameter id="max" name="max" value="0.04940521912547238" />
            <parameter id="deltaProtein" name="deltaProtein" value="0.026480396293842946" />
            <parameter id="maxTranslation" name="maxTranslation" value="0.026480396293842946" />
            <parameter id="a_0" name="a_0" value="1.0" />
          </listOfParameters>
        </kineticLaw>
      </reaction>
      <reaction id="G10_degradation" name="G10_degradation" reversible="false">
        <listOfReactants>
          <speciesReference species="G10" />
        </listOfReactants>
        <listOfProducts>
          <speciesReference species="_void_" />
        </listOfProducts>
        <kineticLaw>
          <listOfParameters>
            <parameter id="delta" name="delta" value="0.04940521912547238" />
          </listOfParameters>
        </kineticLaw>
      </reaction>
    </listOfReactions>
  </model>
</sbml>
